INSERT INTO JUGADOR VALUES ('72827642M', 'PABLO', 'THEKILLER',14000,'658859985');
INSERT INTO JUGADOR VALUES ('72896512D', 'LAURA', 'PRINCESSPINK10',50000,'658896335');
INSERT INTO JUGADOR VALUES ('16582321E', 'CARLOS', 'CARLOS132',18000,'695231985');
INSERT INTO JUGADOR VALUES ('72859632C', 'IZARO', 'EUSKALNESKA',25000,'635256547');
INSERT INTO JUGADOR VALUES ('16895478A', 'SERGIO', 'GENERIST87',19000,'644852963');
INSERT INTO JUGADOR VALUES ('44589641A', 'IVAN', 'THEWOLF91',21000,'678963357');
INSERT INTO JUGADOR VALUES ('16582264C', 'DAVID', 'DAVE1_1',28000,'698789987');
INSERT INTO JUGADOR VALUES ('72956321T', 'SHEILA', 'SHEIWARRIOR',24000,'625896349');
INSERT INTO JUGADOR VALUES ('72659545B', 'IÑIGO', 'KINGOFWORLD',26000,'645392817');
INSERT INTO JUGADOR VALUES ('72827643M', 'DIEGO', 'MOONLIGHTYEAR',18000,'625361478');
INSERT INTO JUGADOR VALUES ('72827647M', 'ERIK', 'LORDOFRING',16000,'695263125');
INSERT INTO JUGADOR VALUES ('72659541D', 'EKAITZ', 'GLOBESRING',18600,'695852369');
INSERT INTO JUGADOR VALUES ('72827645A', 'MIKEL', 'SILENCETOY',19650,'693258963');
INSERT INTO JUGADOR VALUES ('72828632D', 'JOSE', 'SPAINKILLER',25000,'658859285');
INSERT INTO JUGADOR VALUES ('16589234N', 'EIDER', 'THEFIRST',14750,'675482310');
INSERT INTO JUGADOR VALUES ('78654123L', 'ION', 'SUPERHIGH',23000,'695823145');
INSERT INTO JUGADOR VALUES ('72828963Y', 'IDOIA', 'SUPERGIRL21',19000,'678932145');
INSERT INTO JUGADOR VALUES ('72863521M', 'ISABEL', 'WONDERWOMAN',29000,'614236458');
INSERT INTO JUGADOR VALUES ('78451236K', 'MIGUEL', 'MIG_45',18000,'693321123');
INSERT INTO JUGADOR VALUES ('72456983P', 'UNAI', 'ONELOVE15',18500,'642300250');
INSERT INTO JUGADOR VALUES ('72859631J', 'MARCOS', 'MARKOS520',18630,'650023014');
INSERT INTO JUGADOR VALUES ('44652365O', 'SAMUEL', 'SAMU93',15000,'658859985');
INSERT INTO JUGADOR VALUES ('78215658T', 'JAVIER', 'JDEJAEN',10700,'600300200');
INSERT INTO JUGADOR VALUES ('16258900K', 'MANUEL', 'KILLO26',15000,'645454580');
INSERT INTO JUGADOR VALUES ('44789654H', 'IKER', 'IKER78',18960,'644555893');

INSERT INTO DIRECTOR values ('44558866A', 'Lucas Moreno', '666985856', 'Lucasasociados@hotmail.com', 'lucas');
INSERT INTO DIRECTOR values ('16580234Z', 'MARIO NAVARRO', '606505202', 'MARIONAVARRIO@PLAYS.COM', 'mario');
INSERT INTO DIRECTOR values ('16457789D', 'ORLANDO MCQUEEN', '699123547', 'ORLANDOSL@MYTEAM.COM', 'orlando');
INSERT INTO DIRECTOR values ('16589321J', 'STEVEN SMITH', '699800256', 'SMITHSTUDIOS@STUDIOSDINO.COM', 'spielberg');

INSERT INTO EQUIPO VALUES (101, 'KINGSOFKINGS', 'CALIFORNIA', '44558866A');
INSERT INTO EQUIPO VALUES (102, 'PALACEOFGAMES', 'BARCELONA', '16580234Z');
INSERT INTO EQUIPO VALUES (103, 'WARWARRIORS', 'VITORIA', '16589321J');
INSERT INTO EQUIPO VALUES (104, 'RABBITSTUDIO', 'BILBAO', '16589321J');
INSERT INTO EQUIPO VALUES (105, 'TENTOTEN', 'LOS ANGELES', '44558866A');
INSERT INTO EQUIPO VALUES (106, 'JURASICPARKTEAM', 'MADRID', '16457789D');
INSERT INTO EQUIPO VALUES (107, 'SONSOFANARCHY', 'TARRAGONA', '16580234Z');

/* la contraseña de todos estos usuarios es "pass" */
insert into login values ('lucas','9d4e1e23bd5b727046a9e3b4b7db57bd8d6ee684', 'DIR');
insert into login values ('mario','9d4e1e23bd5b727046a9e3b4b7db57bd8d6ee684', 'DIR');
insert into login values ('spielberg','9d4e1e23bd5b727046a9e3b4b7db57bd8d6ee684', 'DIR');
insert into login values ('orlando','9d4e1e23bd5b727046a9e3b4b7db57bd8d6ee684', 'DIR');
insert into login values ('user','9d4e1e23bd5b727046a9e3b4b7db57bd8d6ee684','USER');
insert into login values ('admin','9d4e1e23bd5b727046a9e3b4b7db57bd8d6ee684','ADMIN');

INSERT INTO LIGA VALUES (2,'ZUMOSOL','10-05-2018','0');
INSERT INTO LIGA VALUES (3,'MICHELIN','06-05-1977','0');

INSERT INTO JORNADA VALUES (2,1,2);
INSERT INTO JORNADA VALUES (3,1,3);
INSERT INTO JORNADA VALUES (4,2,1);
INSERT INTO JORNADA VALUES (5,2,2);
INSERT INTO JORNADA VALUES (6,2,3);
INSERT INTO JORNADA VALUES (7,3,1);
INSERT INTO JORNADA VALUES (8,3,2);
INSERT INTO JORNADA VALUES (9,3,3);
INSERT INTO JORNADA VALUES (10,3,4);

INSERT INTO ENCUENTRO VALUES (7,2,105,107,2,4);
INSERT INTO ENCUENTRO VALUES (8,1,105,107,2,4);
INSERT INTO ENCUENTRO VALUES (9,2,105,101,2,4);
INSERT INTO ENCUENTRO VALUES (10,0,107,108,2,5);
INSERT INTO ENCUENTRO VALUES (11,0,107,101,2,5);
INSERT INTO ENCUENTRO VALUES (12,0,108,101,2,6);
INSERT INTO ENCUENTRO VALUES (13,1,107,102,3,7);
INSERT INTO ENCUENTRO VALUES (14,2,107,101,3,7);
INSERT INTO ENCUENTRO VALUES (15,1,107,105,3,7);
INSERT INTO ENCUENTRO VALUES (16,2,107,108,3,7);
INSERT INTO ENCUENTRO VALUES (17,1,102,101,3,8);
INSERT INTO ENCUENTRO VALUES (18,2,102,105,3,8);
INSERT INTO ENCUENTRO VALUES (19,2,102,108,3,8);
INSERT INTO ENCUENTRO VALUES (20,0,101,105,3,9);
INSERT INTO ENCUENTRO VALUES (21,0,101,108,3,9);
INSERT INTO ENCUENTRO VALUES (22,0,105,108,3,10);

INSERT INTO PUNTUACION VALUES (105,2,3);
INSERT INTO PUNTUACION VALUES (107,2,3);
INSERT INTO PUNTUACION VALUES (108,2,0);
INSERT INTO PUNTUACION VALUES (101,2,3);
INSERT INTO PUNTUACION VALUES (107,3,6);
INSERT INTO PUNTUACION VALUES (102,3,3);
INSERT INTO PUNTUACION VALUES (101,3,3);
INSERT INTO PUNTUACION VALUES (105,3,3);
INSERT INTO PUNTUACION VALUES (108,3,6);
